label,dispatch,dispatch_name,mean_without,mean_with,mean_diff,ci_diff,mean_n
cluster,500101032,臺大男一舍前,684.7607322287539,506.55620852203026,178.2045237067236,2.8037154258741763,478.1666666666667
cluster,500101033,臺大男六舍前,671.0967779647641,507.5163766520587,163.5804013127057,3.4748924864710746,478.1666666666667
cluster,500119043,臺大男八舍東側,700.4171328941853,510.56335766975786,189.8537752244275,2.9626199052529207,478.1666666666667
cluster,500119068,臺大社會系館南側,686.4917164250548,517.4974111735137,168.99430525154102,2.5743222306942375,478.1666666666667
cluster,500101034,臺大動物醫院前,681.8333552154944,517.9249218432454,163.90843337224888,3.3915624639025452,478.1666666666667
cluster,500119064,臺大明達館機車停車場,700.4171328941853,518.7214213595188,181.6957115346666,2.972092908952237,478.1666666666667
cluster,500119067,臺大社科院西側,693.1391657611617,518.9393072462595,174.19985851490225,3.0322780906540814,478.1666666666667
cluster,500119091,臺大明達館北側(員工宿舍),700.4171328941853,519.3467346746941,181.07039821949138,2.9915861576416787,478.1666666666667
cluster,500119051,臺大立體機車停車場,696.3052707138037,520.1640453760722,176.14122533773153,2.4813999912763722,478.1666666666667
cluster,500119084,臺大鄭江樓北側,688.0997021836254,520.462282788373,167.63741939525235,3.329852324289853,478.1666666666667
cluster,500101209,臺大資訊大樓,671.7863462722937,520.7467579956209,151.03958827667276,2.664436977815618,478.1666666666667
cluster,500119095,臺大學新館,686.1252723404467,521.5111930226906,164.61407931775636,3.07872615930898,478.1666666666667
cluster,500101039,臺大法人語言訓練中心前,700.4171328941853,521.8350355119514,178.5820973822339,2.437219595656726,478.1666666666667
cluster,500119088,臺大黑森林西側,688.4595042811395,522.7097557859983,165.74974849514126,3.228173214501971,478.1666666666667
cluster,500119076,臺大博理館西側,688.1548214196159,523.1108639125661,165.04395750705,2.8860510091240865,478.1666666666667
cluster,500119075,臺大第一活動中心西南側,676.090372401958,524.1504386631578,151.93993373880036,2.3574878860996846,478.1666666666667
cluster,500119085,臺大電機二館東南側,681.8900852575051,524.23836557828,157.65171967922518,3.2205070505782754,478.1666666666667
cluster,500101038,臺大社科院圖書館前,700.4171328941853,524.61630818376,175.80082471042542,2.416760163056726,478.1666666666667
cluster,500119069,臺大思亮館東南側,689.7793793178595,526.0969933744052,163.68238594345442,2.7031606529636627,478.1666666666667
cluster,500119054,臺大心理系館南側,685.9584705370863,526.1431442237867,159.81532631329944,2.7498915056521347,478.1666666666667
cluster,500119089,臺大獸醫館南側,700.4171328941853,526.1985699866683,174.21856290751714,2.7869651399110755,478.1666666666667
cluster,500119052,臺大工綜館南側,692.5644604876753,526.499161408617,166.06529907905826,2.8343918118951077,478.1666666666667
cluster,500119071,臺大計資中心南側,700.4171328941853,526.6885780873345,173.728554806851,2.354734162980338,478.1666666666667
cluster,500119087,臺大總圖書館西南側,667.6974833319857,527.1178552346742,140.57962809731146,2.994974145674517,478.1666666666667
cluster,500119049,臺大女九舍西南側,696.0423429546767,527.3800042138259,168.66233874085054,2.6929023271912182,478.1666666666667
cluster,500119086,臺大圖資系館北側,700.4171328941853,528.3673125961809,172.04982029800456,2.2669870918825996,478.1666666666667
cluster,500119083,臺大新生教室南側,687.2703098051084,528.8486876044691,158.42162220063918,2.58637263050747,478.1666666666667
cluster,500101036,臺大萬才館前,700.4171328941853,529.506588278185,170.91054461600046,2.6777554910400037,478.1666666666667
cluster,500101037,臺大國青大樓宿舍前,700.4171328941853,530.3835305299862,170.03360236419923,2.73193563498018,478.1666666666667
cluster,500119072,臺大原分所北側,681.9712451840876,530.6710019816858,151.300243202402,2.5194149260675087,478.1666666666667
cluster,500119047,臺大土木系館,699.2921107748965,532.0039057828111,167.28820499208544,2.2535777516805418,478.1666666666667
cluster,500119050,臺大小福樓東側,700.4171328941853,532.423639102303,167.99349379188237,2.5034187964710344,478.1666666666667
cluster,500119078,臺大森林館北側,696.4927443135986,532.610038785146,163.88270552845276,2.516243803592718,478.1666666666667
cluster,500119060,臺大共同教室東南側,674.0195216785712,535.3413445139006,138.6781771646708,2.690018685154369,478.1666666666667
cluster,500119059,臺大共同教室北側,691.8352430833813,535.4327502268461,156.402492856535,2.7553732920444927,478.1666666666667
cluster,500119053,臺大天文數學館南側,700.4171328941853,536.7961987142668,163.62093417991858,2.626652169444153,478.1666666666667
cluster,500119074,臺大生命科學館西北側,700.4171328941853,537.3491760170563,163.06795687712915,2.4327100070006464,478.1666666666667
cluster,500119082,臺大四號館東北側,696.8347147261198,537.7957220790094,159.03899264711043,2.3701493829033766,478.1666666666667
cluster,500101028,臺大醫學院附設癌醫中心,700.4171328941853,538.2721805023435,162.14495239184183,3.0336681996008372,478.1666666666667
cluster,500119057,臺大五號館西側,700.3406241612188,539.1330714581779,161.20755270304076,2.2829356948725055,478.1666666666667
cluster,500101031,臺大男七舍前,695.5768595445079,543.6544356891035,151.92242385540436,3.4110321999834987,478.1666666666667
cluster,500101035,臺大土木研究大樓前,700.4171328941853,545.3234449232846,155.09368797090073,3.039726961944505,478.1666666666667
cluster,500119061,臺大鹿鳴堂東側,700.4171328941853,546.5251574290851,153.89197546510027,3.0083324540881438,478.1666666666667
cluster,500119077,臺大博雅館西側,697.9468946558108,551.514842146675,146.4320525091359,2.8356234040504744,478.1666666666667
cluster,500119058,臺大舊體育館西側,699.3062209665035,552.6566966480473,146.64952431845632,2.82562945459076,478.1666666666667
cluster,500119055,臺大樂學館東側,699.3919702687759,553.7065780169285,145.6853922518472,2.9649851442301305,478.1666666666667
cluster,500119093,臺大禮賢樓西側,697.0653041951502,555.4850880577466,141.5802161374039,2.903800453050594,478.1666666666667
cluster,500119080,臺大小小福西南側,700.4171328941853,556.6389748790123,143.778158015173,2.920261081936202,478.1666666666667
cluster,500119063,臺大第二行政大樓南側,699.003211920313,558.1738729079898,140.8293390123232,2.7785613610064566,478.1666666666667
cluster,500119092,臺大管理學院一館,700.4171328941853,558.6468272356805,141.7703056585048,2.864315774773349,478.1666666666667
cluster,500119044,臺大禮賢樓東南側,694.6661596149553,561.3867811506913,133.27937846426394,2.6389169962195953,478.1666666666667
cluster,500119065,臺大二號館,691.7076784610352,562.5917567336078,129.11592172742738,2.960378914084356,478.1666666666667
cluster,500119090,臺大新體育館東南側,700.4171328941853,565.2284340600443,135.1886988341411,2.9018652601303097,478.1666666666667
cluster,500101030,臺大永齡生醫工程館,680.8590615163915,565.4380933934024,115.42096812298921,2.541974354795389,478.1666666666667
cluster,500119070,臺大椰林小舖,696.4731464393633,567.5641992653549,128.90894717400838,2.8177422600552626,478.1666666666667
cluster,500119066,臺大凝態館南側,689.5527817053945,569.3337720565671,120.21900964882715,2.3484172187380135,478.1666666666667
cluster,500119056,臺大農化新館西側,700.4171328941853,571.11454187197,129.3025910222154,2.6269336012188047,478.1666666666667
cluster,500119062,臺大公館停車場西北側,700.4171328941853,571.9867637389751,128.43036915521014,2.563366813822527,478.1666666666667
cluster,500101029,臺大環研大樓,700.4171328941853,577.2318039866462,123.18532890753906,2.8616656103224547,478.1666666666667
cluster,500119081,臺大教研館北側,700.4171328941853,577.7179032236551,122.69922967053026,2.6573461398623204,478.1666666666667
cluster,500119046,臺大管理學院二館北側,700.4171328941853,579.9988597445351,120.41827314965015,2.4896168489479127,478.1666666666667
cluster,500119097,臺大人文館,700.3927848226733,580.0071721718688,120.38561265080472,2.5169811269608084,478.1666666666667
cluster,500101040,臺大綜合體育館停車場前,696.9376914158521,584.2756978817163,112.66199353413589,2.161924658336793,478.1666666666667
cluster,500119079,臺大一號館,700.4171328941853,584.9829372949647,115.4341955992206,2.360816588561614,478.1666666666667
cluster,500119094,臺大大一女餐廳廣場,700.4171328941853,586.9524205840561,113.46471231012926,2.2253126293170893,478.1666666666667
cluster,500119048,臺大大一女舍北側,700.4171328941853,587.5212098430991,112.89592305108633,2.1106941232307843,478.1666666666667
cluster,500119045,臺大農業陳列館北側,700.4037917165463,590.4539324002487,109.94985931629745,2.2003811011443903,478.1666666666667
cluster,500101022,捷運公館站(2號出口),700.1025567253528,591.9372206515555,108.16533607379739,1.9978058021726028,478.1666666666667
cluster,500101181,捷運公館站(3號出口),700.4171328941853,594.5418871420405,105.87524575214475,1.9475902866074117,478.1666666666667
cluster,500106003,捷運公館站(1號出口),700.4171328941853,594.8859577566744,105.53117513751103,1.9634994608177339,478.1666666666667
cluster,500106004,捷運公館站(4號出口),700.4171328941853,595.8897875515228,104.5273453426627,1.901861444693241,478.1666666666667
cluster,500119009,臺大水源舍區B棟,699.938656938873,603.4023113708533,96.5363455680197,1.7078394446691936,478.1666666666667
cluster,500119005,臺大水源舍區A棟,698.594913639648,603.5256260763374,95.06928756331087,1.7943658540216625,478.1666666666667
cluster,500119006,臺大卓越研究大樓,700.0962738564405,604.0760764464812,96.02019740995938,1.8417927203242033,478.1666666666667
cluster,500119007,臺大水源修齊會館,700.4171328941853,604.2861448239366,96.1309880702488,1.8235319906297598,478.1666666666667
cluster,500119096,臺大水源舍區C棟,698.2015559362284,604.3278551544198,93.87370078180851,1.795904299076915,478.1666666666667
