label,alpha,shortage_ratio,cap_scale,total_cap,mean_n,mean_without,mean_with,mean_diff,ci_diff,rel_improve,n_reps,tau
cluster,0.05,0.047619047619047616,0.25,51.0,58.733333333333334,649.9752857942708,434.22652101262963,215.74876478164123,12.228350125599386,0.3319337973258413,30,
cluster,0.05,0.047619047619047616,0.5,110.0,58.733333333333334,591.3146773066136,297.52849667289036,293.7861806337233,13.054151393968674,0.49683559686340534,30,
cluster,0.05,0.047619047619047616,1.0,213.0,58.733333333333334,544.9931111522906,239.34919740039786,305.6439137518927,13.271438016583819,0.5608216094799129,30,
cluster,0.05,0.047619047619047616,2.0,431.0,58.733333333333334,499.9325523343624,208.26633286632742,291.6662194680351,11.538403110652808,0.5834111383748508,30,
cluster,0.05,0.047619047619047616,4.0,858.0,58.733333333333334,485.86981118595236,192.16831862093952,293.70149256501276,11.120676848964775,0.6044859874049824,30,
cluster,0.11,0.09909909909909909,0.25,51.0,128.63333333333333,654.6290645968141,504.41667536721013,150.21238922960396,6.182037156192346,0.22946183931219083,30,
cluster,0.11,0.09909909909909909,0.5,110.0,128.63333333333333,617.344135142656,419.40458288843854,197.93955225421755,7.33717841619715,0.32063081349023853,30,
cluster,0.11,0.09909909909909909,1.0,213.0,128.63333333333333,577.8039878492281,313.9220816231016,263.8819062261266,8.473731733278068,0.45669796639580107,30,
cluster,0.11,0.09909909909909909,2.0,431.0,128.63333333333333,528.1677296943942,231.44380537288714,296.723924321507,8.34642017567813,0.5617986628853602,30,
cluster,0.11,0.09909909909909909,4.0,858.0,128.63333333333333,500.4573503402858,205.79507241774098,294.66227792254466,9.073635874542733,0.5887859928966757,30,
cluster,0.18,0.15254237288135594,0.25,51.0,211.26666666666668,670.0871820654837,538.5403797495281,131.54680231595566,3.1924042647801048,0.1963129661881823,30,
cluster,0.18,0.15254237288135594,0.5,110.0,211.26666666666668,642.6876447531224,478.58854303499504,164.0991017181273,4.035963090095692,0.2553325912794903,30,
cluster,0.18,0.15254237288135594,1.0,213.0,211.26666666666668,613.945327911677,399.65397882174784,214.29134908992918,5.63119621370013,0.34903979124466505,30,
cluster,0.18,0.15254237288135594,2.0,431.0,211.26666666666668,564.8636806949818,279.6507770695355,285.2129036254463,5.323828709851312,0.5049234237799353,30,
cluster,0.18,0.15254237288135594,4.0,858.0,211.26666666666668,519.7032843787554,226.3064071166593,293.3968772620962,7.586933198978111,0.5645468983572385,30,
cluster,0.25,0.2,0.25,51.0,292.73333333333335,685.0624906085646,560.1205058532802,124.94198475528479,2.6014734672394453,0.1823804199881014,30,
cluster,0.25,0.2,0.5,110.0,292.73333333333335,662.171214358034,514.4187387240447,147.7524756339893,3.7546050775880513,0.22313334139303126,30,
cluster,0.25,0.2,1.0,213.0,292.73333333333335,635.7851906585297,453.56714292229003,182.21804773623973,4.979943379098788,0.28660316473792513,30,
cluster,0.25,0.2,2.0,431.0,292.73333333333335,591.6100623108364,332.6070937447872,259.002968566049,6.509389402178328,0.4377933795689345,30,
cluster,0.25,0.2,4.0,858.0,292.73333333333335,545.0066465085324,245.2959404074169,299.7107061011156,6.188383222876437,0.5499211945783553,30,
cluster,0.35,0.25925925925925924,0.25,51.0,407.3333333333333,678.4449012555092,562.6166193270741,115.82828192843515,1.9656320892233623,0.17072614403039496,30,
cluster,0.35,0.25925925925925924,0.5,110.0,407.3333333333333,659.6373887718634,528.8707850984301,130.7666036734331,2.6360821184351093,0.19824013298715387,30,
cluster,0.35,0.25925925925925924,1.0,213.0,407.3333333333333,638.4934210994559,482.6937190684465,155.79970203100928,3.4554384600604915,0.24401144457014054,30,
cluster,0.35,0.25925925925925924,2.0,431.0,407.3333333333333,603.5221144160187,390.01841764046566,213.5036967755529,4.258736432021156,0.35376283929901026,30,
cluster,0.35,0.25925925925925924,4.0,858.0,407.3333333333333,556.6900745554159,276.5821843056814,280.10789024973457,4.177290726749115,0.5031666685874263,30,
cluster,0.5,0.3333333333333333,0.25,51.0,587.0,688.3723463467182,579.4491871456071,108.92315920111103,1.5327100070541013,0.15823290952807798,30,
cluster,0.5,0.3333333333333333,0.5,110.0,587.0,674.3468463350332,552.2522031417508,122.09464319328245,1.7264903394414233,0.18105614915654641,30,
cluster,0.5,0.3333333333333333,1.0,213.0,587.0,657.2969625807822,515.62616325891,141.670799321872,2.2693544026530126,0.21553545412049668,30,
cluster,0.5,0.3333333333333333,2.0,431.0,587.0,628.483314806236,448.7951640411093,179.68815076512692,2.6781059436871395,0.28590759139011596,30,
cluster,0.5,0.3333333333333333,4.0,858.0,587.0,590.3739071984182,335.44150168832465,254.93240551009356,3.00872809848338,0.43181516391850555,30,
cluster,0.75,0.42857142857142855,0.25,51.0,879.0333333333333,691.0104333163235,588.8772494589246,102.13318385739908,1.140384188879591,0.14780266539137132,30,
cluster,0.75,0.42857142857142855,0.5,110.0,879.0333333333333,680.9747493867601,566.2303032252933,114.74444616146684,1.3989812921888896,0.16850029500329924,30,
cluster,0.75,0.42857142857142855,1.0,213.0,879.0333333333333,667.2086804552985,541.1949575934453,126.01372286185314,1.8439698737010892,0.18886703148985154,30,
cluster,0.75,0.42857142857142855,2.0,431.0,879.0333333333333,645.3066513456214,489.9925560548105,155.31409529081077,2.084450456168859,0.2406826195994464,30,
cluster,0.75,0.42857142857142855,4.0,858.0,879.0333333333333,614.0036586627585,409.7367140023887,204.26694466036986,2.2077065985320345,0.33268033794007645,30,
cluster,1.0,0.5,0.25,51.0,1162.9333333333334,690.1968662531905,590.5749039260974,99.62196232709299,1.0282982026435001,0.1443384738442841,30,
cluster,1.0,0.5,0.5,110.0,1162.9333333333334,682.3876711894167,571.8175962817118,110.57007490770471,1.0869066183072322,0.16203410403792706,30,
cluster,1.0,0.5,1.0,213.0,1162.9333333333334,669.7243266408476,549.8973733015324,119.82695333931501,1.3915147214859342,0.1789198160687009,30,
cluster,1.0,0.5,2.0,431.0,1162.9333333333334,651.494498654636,508.10641997101186,143.38807868362412,1.7992746088879963,0.22009100457444633,30,
cluster,1.0,0.5,4.0,858.0,1162.9333333333334,623.44859097853,444.38782859167327,179.06076238685665,2.4379776243889273,0.2872101484836351,30,
